{"name":"bb365056-ce44-4a6a-87b1-6d1e67e24f95","id":"/providers/Microsoft.Flow/flows/bb365056-ce44-4a6a-87b1-6d1e67e24f95","type":"Microsoft.Flow/flows","properties":{"apiId":"/providers/Microsoft.PowerApps/apis/shared_logicflows","displayName":"PBI - Service Communications to Text File - Exported","definition":{"metadata":{"workflowEntityId":null,"processAdvisorMetadata":null,"flowclientsuspensionreason":"None","flowclientsuspensiontime":null,"creator":{"id":"48acebea-d4a2-4d38-893e-b2e543ebec4b","type":"User","tenantId":"b69556a7-a6a2-43ef-a377-205c1627fc77"},"provisioningMethod":"FromDefinition","failureAlertSubscription":true,"clientLastModifiedTime":"2021-11-11T12:23:19.4070638Z"},"$schema":"https://schema.management.azure.com/providers/Microsoft.Logic/schemas/2016-06-01/workflowdefinition.json#","contentVersion":"1.0.0.0","parameters":{"$connections":{"defaultValue":{},"type":"Object"},"$authentication":{"defaultValue":{},"type":"SecureObject"}},"triggers":{"Recurrence":{"recurrence":{"frequency":"Hour","interval":1,"timeZone":"Eastern Standard Time"},"metadata":{"operationMetadataId":"c0972405-5bd3-4c34-b565-411aacf8082f"},"type":"Recurrence","runtimeConfiguration":{"concurrency":{"runs":1}}}},"actions":{"Get_past_time":{"runAfter":{},"metadata":{"operationMetadataId":"87d69275-d8fa-40ea-9f9d-fdaf66e1e2b2"},"type":"Expression","kind":"GetPastTime","inputs":{"interval":1,"timeUnit":"Week"}},"Initialize_Client-Secret":{"runAfter":{"Initialize_ClientID":["Succeeded"]},"metadata":{"operationMetadataId":"b4e14f88-52e9-4869-9e20-967076b237f7"},"type":"InitializeVariable","inputs":{"variables":[{"name":"Client-Secret","type":"String"}]}},"Initialize_TenantID":{"runAfter":{"Get_past_time":["Succeeded"]},"metadata":{"operationMetadataId":"3f530a1d-f72e-4ba3-a69d-7be8a4e9df76"},"type":"InitializeVariable","inputs":{"variables":[{"name":"Tenant-ID","type":"String"}]}},"Initialize_ClientID":{"runAfter":{"Initialize_TenantID":["Succeeded"]},"metadata":{"operationMetadataId":"ef38c861-ecc9-466b-9b6a-527a3aab5c3f"},"type":"InitializeVariable","inputs":{"variables":[{"name":"Client-ID","type":"String"}]}},"Create_Incidents-File":{"actions":{"HTTP_Get_Incidents":{"runAfter":{},"metadata":{"operationMetadataId":"1948d765-ec0b-4874-8ffc-7d0e09ef0d3e"},"type":"Http","inputs":{"method":"GET","uri":"https://manage.office.com/api/v1.0/@{variables('Tenant-ID')}/ServiceComms/Messages?$filter=MessageType eq Microsoft.Office365ServiceComms.ExposedContracts.MessageType'Incident'","authentication":{"type":"ActiveDirectoryOAuth","tenant":"@variables('Tenant-ID')","audience":"https://manage.office.com","clientId":"@variables('Client-ID')","secret":"@variables('Client-Secret')"}}},"Parse_JSON_Get_Incidents":{"runAfter":{"HTTP_Get_Incidents":["Succeeded"]},"metadata":{"operationMetadataId":"763df699-9104-4287-9eff-5953e87c0f9b"},"type":"ParseJson","inputs":{"content":"@body('HTTP_Get_Incidents')","schema":{"type":"object","properties":{"@@odata.context":{"type":"string"},"value":{"type":"array","items":{"type":"object","properties":{"@@odata.type":{"type":["string","null"]},"AffectedWorkloadDisplayNames":{"type":"array"},"AffectedWorkloadNames":{"type":"array"},"Status":{"type":"string"},"Workload":{},"WorkloadDisplayName":{},"ActionType":{"type":["string","null"]},"AffectedTenantCount":{"type":"integer"},"AffectedUserCount":{},"Classification":{"type":"string"},"EndTime":{"type":["string","null"]},"Feature":{},"FeatureDisplayName":{},"Id":{"type":"string"},"ImpactDescription":{},"LastUpdatedTime":{"type":"string"},"MessageType":{"type":"string"},"Messages":{"type":"array","items":{"type":"object","properties":{"MessageText":{"type":"string"},"PublishedTime":{"type":"string"}},"required":["MessageText","PublishedTime"]}},"PostIncidentDocumentUrl":{},"Severity":{"type":["string","null"]},"StartTime":{"type":["string","null"]},"Title":{"type":["string","null"]},"ActionRequiredByDate":{},"AnnouncementId":{"type":"integer"},"Category":{"type":["string","null"]},"ExternalLink":{"type":["string","null"]},"IsDismissed":{"type":["boolean","null"]},"IsRead":{"type":["boolean","null"]},"IsMajorChange":{"type":["boolean","null"]},"PreviewDuration":{},"AppliesTo":{},"MilestoneDate":{"type":["string","null"]},"Milestone":{"type":["string","null"]},"BlogLink":{"type":["string","null"]},"HelpLink":{"type":["string","null"]},"FlightName":{},"FeatureName":{}},"required":["Id"]}}}}}},"Create_CSV_table_Get_Incidents":{"runAfter":{"Parse_JSON_Get_Incidents":["Succeeded"]},"metadata":{"operationMetadataId":"28e1b5b6-0fb4-434d-a2a7-a25d9034e495"},"type":"Table","inputs":{"from":"@body('Parse_JSON_Get_Incidents')?['value']","format":"CSV"}},"Create_Incidents_File":{"runAfter":{"Create_CSV_table_Get_Incidents":["Succeeded"]},"metadata":{"flowSystemMetadata":{"swaggerOperationId":"CreateFile"},"operationMetadataId":"21cf829a-3555-4faf-83d7-e0cc328fc97f"},"type":"ApiConnection","inputs":{"host":{"connection":{"name":"@parameters('$connections')['shared_sharepointonline']['connectionId']"},"api":{"runtimeUrl":"https://canada-001.azure-apim.net/apim/sharepointonline"}},"method":"post","body":"@body('Create_CSV_table_Get_Incidents')","path":"/datasets/@{encodeURIComponent(encodeURIComponent('https://m365advisor.sharepoint.com/sites/Microsoft365'))}/files","queries":{"folderPath":"/Shared Documents/♥️ Office 365 Health","name":"PBI-Incidents.csv","queryParametersSingleEncoded":true},"authentication":"@parameters('$authentication')"}}},"runAfter":{"Initialize_Client-Secret":["Succeeded"]},"metadata":{"operationMetadataId":"8de51ea9-59a8-4e2c-b254-7566fd4177e9"},"type":"Scope"},"Create_MessageCenter-File":{"actions":{"HTTP_Get_MessageCenter":{"runAfter":{},"metadata":{"operationMetadataId":"9307a782-514f-4f9c-94e4-a02dddc31c2c"},"type":"Http","inputs":{"method":"GET","uri":"https://manage.office.com/api/v1.0/@{variables('Tenant-ID')}/ServiceComms/Messages?$filter=MessageType eq Microsoft.Office365ServiceComms.ExposedContracts.MessageType'MessageCenter'","authentication":{"type":"ActiveDirectoryOAuth","tenant":"@variables('Tenant-ID')","audience":"https://manage.office.com","clientId":"@variables('Client-ID')","secret":"@variables('Client-Secret')"}}},"Create_MessageCenter_File":{"runAfter":{"Create_CSV_table_Message_Center":["Succeeded"]},"metadata":{"flowSystemMetadata":{"swaggerOperationId":"CreateFile"},"operationMetadataId":"3487901d-cef5-42d2-8e7c-e4af041e4dfd"},"type":"ApiConnection","inputs":{"host":{"connection":{"name":"@parameters('$connections')['shared_sharepointonline']['connectionId']"},"api":{"runtimeUrl":"https://canada-001.azure-apim.net/apim/sharepointonline"}},"method":"post","body":"@body('Create_CSV_table_Message_Center')","path":"/datasets/@{encodeURIComponent(encodeURIComponent('https://m365advisor.sharepoint.com/sites/Microsoft365'))}/files","queries":{"folderPath":"/Shared Documents/♥️ Office 365 Health","name":"PBI-MessageCenter.csv","queryParametersSingleEncoded":true},"authentication":"@parameters('$authentication')"}},"ParseJSONMessageCenter":{"runAfter":{"HTTP_Get_MessageCenter":["Succeeded"]},"metadata":{"operationMetadataId":"e901f471-c51c-4f17-a22e-60cd1e1d0a17"},"type":"ParseJson","inputs":{"content":"@body('HTTP_Get_MessageCenter')","schema":{"type":"object","properties":{"@@odata.context":{"type":"string"},"value":{"type":"array","items":{"type":"object","properties":{"@@odata.type":{"type":["string","null"]},"AffectedWorkloadDisplayNames":{"type":"array"},"AffectedWorkloadNames":{"type":"array"},"Status":{"type":"string"},"Workload":{},"WorkloadDisplayName":{},"ActionType":{"type":["string","null"]},"AffectedTenantCount":{"type":"integer"},"AffectedUserCount":{},"Classification":{"type":"string"},"EndTime":{"type":["string","null"]},"Feature":{},"FeatureDisplayName":{},"Id":{"type":"string"},"ImpactDescription":{},"LastUpdatedTime":{"type":"string"},"MessageType":{"type":"string"},"Messages":{"type":"array","items":{"type":"object","properties":{"MessageText":{"type":"string"},"PublishedTime":{"type":"string"}},"required":["MessageText","PublishedTime"]}},"PostIncidentDocumentUrl":{},"Severity":{"type":["string","null"]},"StartTime":{"type":["string","null"]},"Title":{"type":["string","null"]},"ActionRequiredByDate":{},"AnnouncementId":{"type":"integer"},"Category":{"type":["string","null"]},"ExternalLink":{"type":["string","null"]},"IsDismissed":{"type":["boolean","null"]},"IsRead":{"type":["boolean","null"]},"IsMajorChange":{"type":["boolean","null"]},"PreviewDuration":{},"AppliesTo":{},"MilestoneDate":{"type":["string","null"]},"Milestone":{"type":["string","null"]},"BlogLink":{"type":["string","null"]},"HelpLink":{"type":["string","null"]},"FlightName":{},"FeatureName":{}},"required":["Id"]}}}}}},"Create_CSV_table_Message_Center":{"runAfter":{"ParseJSONMessageCenter":["Succeeded"]},"metadata":{"operationMetadataId":"998ed73d-189a-440e-8d19-6281ecf93b00"},"type":"Table","inputs":{"from":"@body('ParseJSONMessageCenter')?['value']","format":"CSV"}}},"runAfter":{"Create_Incidents-File":["Succeeded"]},"metadata":{"operationMetadataId":"d4743365-2c08-478a-9598-311e74047150"},"type":"Scope"},"Create_CurrentStatus-File":{"actions":{"HTTP_Get_CurrentStatus":{"runAfter":{},"metadata":{"operationMetadataId":"9307a782-514f-4f9c-94e4-a02dddc31c2c"},"type":"Http","inputs":{"method":"GET","uri":"https://manage.office.com/api/v1.0/@{variables('Tenant-ID')}/ServiceComms/CurrentStatus","authentication":{"type":"ActiveDirectoryOAuth","tenant":"@variables('Tenant-ID')","audience":"https://manage.office.com","clientId":"@variables('Client-ID')","secret":"@variables('Client-Secret')"}}},"Create_CurrentStatus_File":{"runAfter":{"Create_CSV_table_CurrentStatus":["Succeeded"]},"metadata":{"flowSystemMetadata":{"swaggerOperationId":"CreateFile"},"operationMetadataId":"3487901d-cef5-42d2-8e7c-e4af041e4dfd"},"type":"ApiConnection","inputs":{"host":{"connection":{"name":"@parameters('$connections')['shared_sharepointonline']['connectionId']"},"api":{"runtimeUrl":"https://canada-001.azure-apim.net/apim/sharepointonline"}},"method":"post","body":"@body('Create_CSV_table_CurrentStatus')","path":"/datasets/@{encodeURIComponent(encodeURIComponent('https://m365advisor.sharepoint.com/sites/Microsoft365'))}/files","queries":{"folderPath":"/Shared Documents/♥️ Office 365 Health","name":"PBI-CurrentStatus.csv","queryParametersSingleEncoded":true},"authentication":"@parameters('$authentication')"}},"ParseJSONCurrentStatus":{"runAfter":{"HTTP_Get_CurrentStatus":["Succeeded"]},"metadata":{"operationMetadataId":"e901f471-c51c-4f17-a22e-60cd1e1d0a17"},"type":"ParseJson","inputs":{"content":"@body('HTTP_Get_CurrentStatus')","schema":{"type":"object","properties":{"@@odata.context":{"type":"string"},"value":{"type":"array","items":{"type":"object","properties":{"@@odata.type":{"type":["string","null"]},"AffectedWorkloadDisplayNames":{"type":"array"},"AffectedWorkloadNames":{"type":"array"},"Status":{"type":"string"},"Workload":{},"WorkloadDisplayName":{},"ActionType":{"type":["string","null"]},"AffectedTenantCount":{"type":"integer"},"AffectedUserCount":{},"Classification":{"type":"string"},"EndTime":{"type":["string","null"]},"Feature":{},"FeatureDisplayName":{},"Id":{"type":"string"},"ImpactDescription":{},"LastUpdatedTime":{"type":"string"},"MessageType":{"type":"string"},"Messages":{"type":"array","items":{"type":"object","properties":{"MessageText":{"type":"string"},"PublishedTime":{"type":"string"}},"required":["MessageText","PublishedTime"]}},"PostIncidentDocumentUrl":{},"Severity":{"type":["string","null"]},"StartTime":{"type":["string","null"]},"Title":{"type":["string","null"]},"ActionRequiredByDate":{},"AnnouncementId":{"type":"integer"},"Category":{"type":["string","null"]},"ExternalLink":{"type":["string","null"]},"IsDismissed":{"type":["boolean","null"]},"IsRead":{"type":["boolean","null"]},"IsMajorChange":{"type":["boolean","null"]},"PreviewDuration":{},"AppliesTo":{},"MilestoneDate":{"type":["string","null"]},"Milestone":{"type":["string","null"]},"BlogLink":{"type":["string","null"]},"HelpLink":{"type":["string","null"]},"FlightName":{},"FeatureName":{}},"required":["Id"]}}}}}},"Create_CSV_table_CurrentStatus":{"runAfter":{"ParseJSONCurrentStatus":["Succeeded"]},"metadata":{"operationMetadataId":"998ed73d-189a-440e-8d19-6281ecf93b00"},"type":"Table","inputs":{"from":"@body('ParseJSONCurrentStatus')?['value']","format":"CSV"}}},"runAfter":{"Create_MessageCenter-File":["Succeeded"]},"metadata":{"operationMetadataId":"d4743365-2c08-478a-9598-311e74047150"},"type":"Scope"},"Create_HistoricalStatus-File_":{"actions":{"HTTP_Get_HistoricalStatus":{"runAfter":{},"metadata":{"operationMetadataId":"9307a782-514f-4f9c-94e4-a02dddc31c2c"},"type":"Http","inputs":{"method":"GET","uri":"https://manage.office.com/api/v1.0/@{variables('Tenant-ID')}/ServiceComms/HistoricalStatus?$filter=StatusTime%20ge%202018-01-01T00:00:00.0000000Z","authentication":{"type":"ActiveDirectoryOAuth","tenant":"@variables('Tenant-ID')","audience":"https://manage.office.com","clientId":"@variables('Client-ID')","secret":"@variables('Client-Secret')"}}},"Create_HistoricalStatusFile":{"runAfter":{"Create_CSV_table_HistoricalStatus":["Succeeded"]},"metadata":{"flowSystemMetadata":{"swaggerOperationId":"CreateFile"},"operationMetadataId":"3487901d-cef5-42d2-8e7c-e4af041e4dfd"},"type":"ApiConnection","inputs":{"host":{"connection":{"name":"@parameters('$connections')['shared_sharepointonline']['connectionId']"},"api":{"runtimeUrl":"https://canada-001.azure-apim.net/apim/sharepointonline"}},"method":"post","body":"@body('Create_CSV_table_HistoricalStatus')","path":"/datasets/@{encodeURIComponent(encodeURIComponent('https://m365advisor.sharepoint.com/sites/Microsoft365'))}/files","queries":{"folderPath":"/Shared Documents/♥️ Office 365 Health","name":"PBI-HistoricalStatus.csv","queryParametersSingleEncoded":true},"authentication":"@parameters('$authentication')"}},"ParseJSONHistoricalStatus":{"runAfter":{"HTTP_Get_HistoricalStatus":["Succeeded"]},"metadata":{"operationMetadataId":"e901f471-c51c-4f17-a22e-60cd1e1d0a17"},"type":"ParseJson","inputs":{"content":"@body('HTTP_Get_HistoricalStatus')","schema":{"type":"object","properties":{"@@odata.context":{"type":"string"},"value":{"type":"array","items":{"type":"object","properties":{"@@odata.type":{"type":["string","null"]},"AffectedWorkloadDisplayNames":{"type":"array"},"AffectedWorkloadNames":{"type":"array"},"Status":{"type":"string"},"Workload":{},"WorkloadDisplayName":{},"ActionType":{"type":["string","null"]},"AffectedTenantCount":{"type":"integer"},"AffectedUserCount":{},"Classification":{"type":"string"},"EndTime":{"type":["string","null"]},"Feature":{},"FeatureDisplayName":{},"Id":{"type":"string"},"ImpactDescription":{},"LastUpdatedTime":{"type":"string"},"MessageType":{"type":"string"},"Messages":{"type":"array","items":{"type":"object","properties":{"MessageText":{"type":"string"},"PublishedTime":{"type":"string"}},"required":["MessageText","PublishedTime"]}},"PostIncidentDocumentUrl":{},"Severity":{"type":["string","null"]},"StartTime":{"type":["string","null"]},"Title":{"type":["string","null"]},"ActionRequiredByDate":{},"AnnouncementId":{"type":"integer"},"Category":{"type":["string","null"]},"ExternalLink":{"type":["string","null"]},"IsDismissed":{"type":["boolean","null"]},"IsRead":{"type":["boolean","null"]},"IsMajorChange":{"type":["boolean","null"]},"PreviewDuration":{},"AppliesTo":{},"MilestoneDate":{"type":["string","null"]},"Milestone":{"type":["string","null"]},"BlogLink":{"type":["string","null"]},"HelpLink":{"type":["string","null"]},"FlightName":{},"FeatureName":{}},"required":["Id"]}}}}}},"Create_CSV_table_HistoricalStatus":{"runAfter":{"ParseJSONHistoricalStatus":["Succeeded"]},"metadata":{"operationMetadataId":"998ed73d-189a-440e-8d19-6281ecf93b00"},"type":"Table","inputs":{"from":"@body('ParseJSONHistoricalStatus')?['value']","format":"CSV"}}},"runAfter":{"Create_CurrentStatus-File":["Succeeded"]},"metadata":{"operationMetadataId":"d4743365-2c08-478a-9598-311e74047150"},"type":"Scope"},"Create_Services-File":{"actions":{"HTTP_Get_ServicesFile":{"runAfter":{},"metadata":{"operationMetadataId":"9307a782-514f-4f9c-94e4-a02dddc31c2c"},"type":"Http","inputs":{"method":"GET","uri":"https://manage.office.com/api/v1.0/@{variables('Tenant-ID')}/ServiceComms/Services","authentication":{"type":"ActiveDirectoryOAuth","tenant":"@variables('Tenant-ID')","audience":"https://manage.office.com","clientId":"@variables('Client-ID')","secret":"@variables('Client-Secret')"}}},"Create_ServicesFile":{"runAfter":{"Create_CSV_table_ServicesFile":["Succeeded"]},"metadata":{"flowSystemMetadata":{"swaggerOperationId":"CreateFile"},"operationMetadataId":"3487901d-cef5-42d2-8e7c-e4af041e4dfd"},"type":"ApiConnection","inputs":{"host":{"connection":{"name":"@parameters('$connections')['shared_sharepointonline']['connectionId']"},"api":{"runtimeUrl":"https://canada-001.azure-apim.net/apim/sharepointonline"}},"method":"post","body":"@body('Create_CSV_table_ServicesFile')","path":"/datasets/@{encodeURIComponent(encodeURIComponent('https://m365advisor.sharepoint.com/sites/Microsoft365'))}/files","queries":{"folderPath":"/Shared Documents/♥️ Office 365 Health","name":"PBI-Services.csv","queryParametersSingleEncoded":true},"authentication":"@parameters('$authentication')"}},"ParseJSONServicesFile":{"runAfter":{"HTTP_Get_ServicesFile":["Succeeded"]},"metadata":{"operationMetadataId":"e901f471-c51c-4f17-a22e-60cd1e1d0a17"},"type":"ParseJson","inputs":{"content":"@body('HTTP_Get_ServicesFile')","schema":{"type":"object","properties":{"@@odata.context":{"type":"string"},"value":{"type":"array","items":{"type":"object","properties":{"@@odata.type":{"type":["string","null"]},"AffectedWorkloadDisplayNames":{"type":"array"},"AffectedWorkloadNames":{"type":"array"},"Status":{"type":"string"},"Workload":{},"WorkloadDisplayName":{},"ActionType":{"type":["string","null"]},"AffectedTenantCount":{"type":"integer"},"AffectedUserCount":{},"Classification":{"type":"string"},"EndTime":{"type":["string","null"]},"Feature":{},"FeatureDisplayName":{},"Id":{"type":"string"},"ImpactDescription":{},"LastUpdatedTime":{"type":"string"},"MessageType":{"type":"string"},"Messages":{"type":"array","items":{"type":"object","properties":{"MessageText":{"type":"string"},"PublishedTime":{"type":"string"}},"required":["MessageText","PublishedTime"]}},"PostIncidentDocumentUrl":{},"Severity":{"type":["string","null"]},"StartTime":{"type":["string","null"]},"Title":{"type":["string","null"]},"ActionRequiredByDate":{},"AnnouncementId":{"type":"integer"},"Category":{"type":["string","null"]},"ExternalLink":{"type":["string","null"]},"IsDismissed":{"type":["boolean","null"]},"IsRead":{"type":["boolean","null"]},"IsMajorChange":{"type":["boolean","null"]},"PreviewDuration":{},"AppliesTo":{},"MilestoneDate":{"type":["string","null"]},"Milestone":{"type":["string","null"]},"BlogLink":{"type":["string","null"]},"HelpLink":{"type":["string","null"]},"FlightName":{},"FeatureName":{}},"required":["Id"]}}}}}},"Create_CSV_table_ServicesFile":{"runAfter":{"ParseJSONServicesFile":["Succeeded"]},"metadata":{"operationMetadataId":"998ed73d-189a-440e-8d19-6281ecf93b00"},"type":"Table","inputs":{"from":"@body('ParseJSONServicesFile')?['value']","format":"CSV"}}},"runAfter":{"Create_HistoricalStatus-File_":["Succeeded"]},"metadata":{"operationMetadataId":"d4743365-2c08-478a-9598-311e74047150"},"type":"Scope"}},"outputs":{},"description":"Gets Message Center and Health from Office 365 Tenant. Post to Teams Channel and Create Task in Planner"},"connectionReferences":{"shared_sharepointonline":{"connectionName":"7b2c952c8ca2452f882bf68735a92532","source":"Embedded","id":"/providers/Microsoft.PowerApps/apis/shared_sharepointonline","tier":"NotSpecified"}},"flowFailureAlertSubscribed":false}}