{"name":"451f24a9-db3f-4649-8a87-cf4b504fc731","id":"/providers/Microsoft.Flow/flows/451f24a9-db3f-4649-8a87-cf4b504fc731","type":"Microsoft.Flow/flows","properties":{"apiId":"/providers/Microsoft.PowerApps/apis/shared_logicflows","displayName":"PBI - Service Communications to Text File [Export]","definition":{"metadata":{"workflowEntityId":null,"processAdvisorMetadata":null,"flowclientsuspensionreason":"None","flowclientsuspensiontime":null,"creator":{"id":"48acebea-d4a2-4d38-893e-b2e543ebec4b","type":"User","tenantId":"b69556a7-a6a2-43ef-a377-205c1627fc77"},"provisioningMethod":"FromDefinition","failureAlertSubscription":true,"clientLastModifiedTime":"2022-05-01T19:36:00.3547201Z"},"$schema":"https://schema.management.azure.com/providers/Microsoft.Logic/schemas/2016-06-01/workflowdefinition.json#","contentVersion":"1.0.0.0","parameters":{"$connections":{"defaultValue":{},"type":"Object"},"$authentication":{"defaultValue":{},"type":"SecureObject"}},"triggers":{"Recurrence":{"recurrence":{"frequency":"Hour","interval":1,"timeZone":"Eastern Standard Time"},"metadata":{"operationMetadataId":"c0972405-5bd3-4c34-b565-411aacf8082f"},"type":"Recurrence","runtimeConfiguration":{"concurrency":{"runs":1}}}},"actions":{"Get_past_time":{"runAfter":{},"metadata":{"operationMetadataId":"87d69275-d8fa-40ea-9f9d-fdaf66e1e2b2"},"type":"Expression","kind":"GetPastTime","inputs":{"interval":1,"timeUnit":"Week"}},"Initialize_Client-Secret":{"runAfter":{"Initialize_ClientID":["Succeeded"]},"metadata":{"operationMetadataId":"b4e14f88-52e9-4869-9e20-967076b237f7"},"type":"InitializeVariable","inputs":{"variables":[{"name":"Client-Secret","type":"String"}]}},"Initialize_TenantID":{"runAfter":{"Get_past_time":["Succeeded"]},"metadata":{"operationMetadataId":"3f530a1d-f72e-4ba3-a69d-7be8a4e9df76"},"type":"InitializeVariable","inputs":{"variables":[{"name":"Tenant-ID","type":"String"}]}},"Initialize_ClientID":{"runAfter":{"Initialize_TenantID":["Succeeded"]},"metadata":{"operationMetadataId":"ef38c861-ecc9-466b-9b6a-527a3aab5c3f"},"type":"InitializeVariable","inputs":{"variables":[{"name":"Client-ID","type":"String"}]}},"Create_Issues-File":{"actions":{"HTTP_Get_Issues":{"runAfter":{},"metadata":{"operationMetadataId":"1948d765-ec0b-4874-8ffc-7d0e09ef0d3e"},"type":"Http","inputs":{"method":"GET","uri":"https://graph.microsoft.com/v1.0/admin/serviceAnnouncement/issues","authentication":{"type":"ActiveDirectoryOAuth","tenant":"@variables('Tenant-ID')","audience":"https://graph.microsoft.com","clientId":"@variables('Client-ID')","secret":"@variables('Client-Secret')"}},"runtimeConfiguration":{"paginationPolicy":{"minimumItemCount":1000}}},"Parse_JSON_Get_Issues":{"runAfter":{"HTTP_Get_Issues":["Succeeded"]},"metadata":{"operationMetadataId":"763df699-9104-4287-9eff-5953e87c0f9b"},"type":"ParseJson","inputs":{"content":"@body('HTTP_Get_Issues')","schema":{"type":"object","properties":{"statusCode":{"type":"integer"},"headers":{"type":"object","properties":{"Transfer-Encoding":{"type":"string"},"Vary":{"type":"string"},"Strict-Transport-Security":{"type":"string"},"request-id":{"type":"string"},"client-request-id":{"type":"string"},"x-ms-ags-diagnostic":{"type":"string"},"OData-Version":{"type":"string"},"Date":{"type":"string"},"Content-Type":{"type":"string"},"Content-Length":{"type":"string"}}},"body":{"type":"object","properties":{"@@odata.context":{"type":"string"},"@@odata.nextLink":{"type":"string"},"value":{"type":"array","items":{"type":"object","properties":{"startDateTime":{"type":"string"},"endDateTime":{"type":["string","null"]},"lastModifiedDateTime":{"type":"string"},"title":{"type":"string"},"id":{"type":"string"},"impactDescription":{"type":"string"},"classification":{"type":"string"},"origin":{"type":"string"},"status":{"type":"string"},"service":{"type":"string"},"feature":{"type":"string"},"featureGroup":{"type":"string"},"isResolved":{"type":"boolean"},"highImpact":{},"details":{"type":"array"},"posts":{"type":"array","items":{"type":"object","properties":{"createdDateTime":{"type":"string"},"postType":{"type":"string"},"description":{"type":"object","properties":{"contentType":{"type":"string"},"content":{"type":"string"}}}},"required":["createdDateTime","postType","description"]}}},"required":["startDateTime","endDateTime","lastModifiedDateTime","title","id","impactDescription","classification","origin","status","service","feature","featureGroup","isResolved","highImpact","details","posts"]}}}}}}}},"Create_CSV_table_Get_Issues":{"runAfter":{"Parse_JSON_Get_Issues":["Succeeded"]},"metadata":{"operationMetadataId":"28e1b5b6-0fb4-434d-a2a7-a25d9034e495"},"type":"Table","inputs":{"from":"@body('Parse_JSON_Get_Issues')?['value']","format":"CSV"}},"Create_Issues_File":{"runAfter":{"Create_CSV_table_Get_Issues":["Succeeded"]},"metadata":{"flowSystemMetadata":{"swaggerOperationId":"CreateFile"},"operationMetadataId":"21cf829a-3555-4faf-83d7-e0cc328fc97f"},"type":"ApiConnection","inputs":{"host":{"connection":{"name":"@parameters('$connections')['shared_sharepointonline']['connectionId']"},"api":{"runtimeUrl":"https://canada-001.azure-apim.net/apim/sharepointonline"}},"method":"post","body":"@body('HTTP_Get_Issues')","path":"/datasets/@{encodeURIComponent(encodeURIComponent('https://m365advisor.sharepoint.com/sites/Microsoft365'))}/files","queries":{"folderPath":"/Shared Documents/♥️ Office 365 Health","name":"PBI-Issues.json","queryParametersSingleEncoded":true},"authentication":"@parameters('$authentication')"}}},"runAfter":{"Initialize_Client-Secret":["Succeeded"]},"metadata":{"operationMetadataId":"8de51ea9-59a8-4e2c-b254-7566fd4177e9"},"type":"Scope"},"Create_Messages-File":{"actions":{"HTTP_Get_Messages":{"runAfter":{},"metadata":{"operationMetadataId":"9307a782-514f-4f9c-94e4-a02dddc31c2c"},"type":"Http","inputs":{"method":"GET","uri":"https://graph.microsoft.com/v1.0/admin/serviceAnnouncement/messages","authentication":{"type":"ActiveDirectoryOAuth","tenant":"@variables('Tenant-ID')","audience":"https://graph.microsoft.com","clientId":"@variables('Client-ID')","secret":"@variables('Client-Secret')"}},"runtimeConfiguration":{"paginationPolicy":{"minimumItemCount":5000}}},"Create_Messages_File":{"runAfter":{"Create_CSV_table_Messages":["Succeeded"]},"metadata":{"flowSystemMetadata":{"swaggerOperationId":"CreateFile"},"operationMetadataId":"3487901d-cef5-42d2-8e7c-e4af041e4dfd"},"type":"ApiConnection","inputs":{"host":{"connection":{"name":"@parameters('$connections')['shared_sharepointonline']['connectionId']"},"api":{"runtimeUrl":"https://canada-001.azure-apim.net/apim/sharepointonline"}},"method":"post","body":"@body('HTTP_Get_Messages')","path":"/datasets/@{encodeURIComponent(encodeURIComponent('https://m365advisor.sharepoint.com/sites/Microsoft365'))}/files","queries":{"folderPath":"/Shared Documents/♥️ Office 365 Health","name":"PBI-Messages.json","queryParametersSingleEncoded":true},"authentication":"@parameters('$authentication')"}},"ParseJSONMessages":{"runAfter":{"HTTP_Get_Messages":["Succeeded"]},"metadata":{"operationMetadataId":"e901f471-c51c-4f17-a22e-60cd1e1d0a17"},"type":"ParseJson","inputs":{"content":"@body('HTTP_Get_Messages')","schema":{"type":"object","properties":{"@@odata.context":{"type":"string"},"value":{"type":"array","items":{"type":"object","properties":{"startDateTime":{"type":"string"},"endDateTime":{"type":"string"},"lastModifiedDateTime":{"type":"string"},"title":{"type":"string"},"id":{"type":"string"},"category":{"type":"string"},"severity":{"type":"string"},"tags":{"type":"array","items":{"type":"string"}},"isMajorChange":{"type":"boolean"},"actionRequiredByDateTime":{},"services":{"type":"array","items":{"type":"string"}},"expiryDateTime":{},"details":{"type":"array","items":{"type":"object","properties":{"name":{"type":"string"},"value":{"type":"string"}},"required":["name","value"]}},"body":{"type":"object","properties":{"contentType":{"type":"string"},"content":{"type":"string"}}},"viewPoint":{}},"required":["startDateTime","endDateTime","lastModifiedDateTime","title","id","category","severity","tags","isMajorChange","actionRequiredByDateTime","services","expiryDateTime","details","body","viewPoint"]}},"@@odata.nextLink":{"type":"string"}}}}},"Create_CSV_table_Messages":{"runAfter":{"ParseJSONMessages":["Succeeded"]},"metadata":{"operationMetadataId":"998ed73d-189a-440e-8d19-6281ecf93b00"},"type":"Table","inputs":{"from":"@body('ParseJSONMessages')?['value']","format":"CSV"}}},"runAfter":{"Create_Issues-File":["Succeeded"]},"metadata":{"operationMetadataId":"d4743365-2c08-478a-9598-311e74047150"},"type":"Scope"},"Create_HealthOverviews-File":{"actions":{"HTTP_Get_HealthOverviews":{"runAfter":{},"metadata":{"operationMetadataId":"9307a782-514f-4f9c-94e4-a02dddc31c2c"},"type":"Http","inputs":{"method":"GET","uri":"https://graph.microsoft.com/v1.0/admin/serviceAnnouncement/healthOverviews?$expand=issues","authentication":{"type":"ActiveDirectoryOAuth","tenant":"@variables('Tenant-ID')","audience":"https://graph.microsoft.com","clientId":"@variables('Client-ID')","secret":"@variables('Client-Secret')"}}},"Create_HealthOverviews_File":{"runAfter":{"Create_CSV_table_HealthOverview":["Succeeded"]},"metadata":{"flowSystemMetadata":{"swaggerOperationId":"CreateFile"},"operationMetadataId":"3487901d-cef5-42d2-8e7c-e4af041e4dfd"},"type":"ApiConnection","inputs":{"host":{"connection":{"name":"@parameters('$connections')['shared_sharepointonline']['connectionId']"},"api":{"runtimeUrl":"https://canada-001.azure-apim.net/apim/sharepointonline"}},"method":"post","body":"@body('HTTP_Get_HealthOverviews')","path":"/datasets/@{encodeURIComponent(encodeURIComponent('https://m365advisor.sharepoint.com/sites/Microsoft365'))}/files","queries":{"folderPath":"/Shared Documents/♥️ Office 365 Health","name":"PBI-HealthOverview-Issues.json","queryParametersSingleEncoded":true},"authentication":"@parameters('$authentication')"}},"ParseJSONHealthOverviews":{"runAfter":{"HTTP_Get_HealthOverviews":["Succeeded"]},"metadata":{"operationMetadataId":"e901f471-c51c-4f17-a22e-60cd1e1d0a17"},"type":"ParseJson","inputs":{"content":"@body('HTTP_Get_HealthOverviews')","schema":{"type":"object","properties":{"statusCode":{"type":"integer"},"headers":{"type":"object","properties":{"Transfer-Encoding":{"type":"string"},"Vary":{"type":"string"},"Strict-Transport-Security":{"type":"string"},"request-id":{"type":"string"},"client-request-id":{"type":"string"},"x-ms-ags-diagnostic":{"type":"string"},"OData-Version":{"type":"string"},"Date":{"type":"string"},"Content-Type":{"type":"string"},"Content-Length":{"type":"string"}}},"body":{"type":"object","properties":{"@@odata.context":{"type":"string"},"value":{"type":"array","items":{"type":"object","properties":{"service":{"type":"string"},"status":{"type":"string"},"id":{"type":"string"},"issues@odata.context":{"type":"string"},"issues":{"type":"array","items":{"type":"object","properties":{"startDateTime":{"type":"string"},"endDateTime":{"type":"string"},"lastModifiedDateTime":{"type":"string"},"title":{"type":"string"},"id":{"type":"string"},"impactDescription":{"type":"string"},"classification":{"type":"string"},"origin":{"type":"string"},"status":{"type":"string"},"service":{"type":"string"},"feature":{"type":"string"},"featureGroup":{"type":"string"},"isResolved":{"type":"boolean"},"highImpact":{},"details":{"type":"array"},"posts":{"type":"array","items":{"type":"object","properties":{"createdDateTime":{"type":"string"},"postType":{"type":"string"},"description":{"type":"object","properties":{"contentType":{"type":"string"},"content":{"type":"string"}}}},"required":["createdDateTime","postType","description"]}}},"required":["startDateTime","endDateTime","lastModifiedDateTime","title","id","impactDescription","classification","origin","status","service","feature","featureGroup","isResolved","highImpact","details","posts"]}}},"required":["service","status","id","issues@odata.context","issues"]}}}}}}}},"Create_CSV_table_HealthOverview":{"runAfter":{"ParseJSONHealthOverviews":["Succeeded"]},"metadata":{"operationMetadataId":"998ed73d-189a-440e-8d19-6281ecf93b00"},"type":"Table","inputs":{"from":"@body('ParseJSONHealthOverviews')?['value']","format":"CSV"}}},"runAfter":{"Create_Messages-File":["Succeeded"]},"metadata":{"operationMetadataId":"d4743365-2c08-478a-9598-311e74047150"},"type":"Scope"}},"outputs":{},"description":"Gets Message Center and Health from Office 365 Tenant. Post to Teams Channel and Create Task in Planner"},"connectionReferences":{"shared_sharepointonline":{"connectionName":"7b2c952c8ca2452f882bf68735a92532","source":"Embedded","id":"/providers/Microsoft.PowerApps/apis/shared_sharepointonline","tier":"NotSpecified"}},"flowFailureAlertSubscribed":false,"isManaged":false}}